LayerID, Total Cycles (incl. prefetch), Total Cycles, Stall Cycles, Overall Util %, Mapping Efficiency %, Compute Util %,
0, 10175, 8639, 0, 47.41289501099664, 100.0, 32.24181360201511,
1, 8127, 6591, 0, 23.30450614474283, 75.0, 14.414414414414411,
2, 5071, 4175, 0, 18.395209580838323, 100.0, 10.631229235880395,
