LayerID, Total Cycles (incl. prefetch), Total Cycles, Stall Cycles, Overall Util %, Mapping Efficiency %, Compute Util %,
0, 10174, 8639, 0, 47.41289501099664, 100.0, 44.91228070175436,
1, 5710, 4943, 0, 31.07424640906332, 100.0, 28.95927601809954,
2, 4750, 4175, 0, 18.395209580838323, 100.0, 16.93121693121693,
