LayerID, Total Cycles (incl. prefetch), Total Cycles, Stall Cycles, Overall Util %, Mapping Efficiency %, Compute Util %,
0, 8639, 7103, 0, 57.665775024637476, 100.0, 50.59288537549409,
1, 4942, 3791, 0, 40.51701398048009, 100.0, 33.86243386243386,
2, 3790, 3023, 0, 25.405226596096593, 100.0, 20.38216560509554,
