LayerID, Total Cycles (incl. prefetch), Total Cycles, Stall Cycles, Overall Util %, Mapping Efficiency %, Compute Util %,
0, 10174, 8639, 0, 47.41289501099664, 100.0, 44.91228070175436,
1, 3438, 2671, 0, 57.506551853238484, 100.0, 55.01432664756446,
2, 2194, 1619, 0, 47.4366893143916, 100.0, 44.91228070175438,
