LayerID, Total Cycles (incl. prefetch), Total Cycles, Stall Cycles, Overall Util %, Mapping Efficiency %, Compute Util %,
0, 8639, 7103, 0, 57.665775024637476, 100.0, 44.91228070175436,
1, 3183, 2287, 0, 67.16222125054657, 100.0, 55.01432664756446,
2, 3814, 2663, 0, 28.839654524971838, 50.0, 22.456140350877188,
