LayerID, Total Cycles (incl. prefetch), Total Cycles, Stall Cycles, Overall Util %, Mapping Efficiency %, Compute Util %,
0, 14719, 13183, 0, 62.14063566714708, 100.0, 57.918552036199124,
1, 7966, 6815, 0, 45.07703595011005, 100.0, 40.76433121019108,
2, 6046, 5279, 0, 29.096419776472818, 100.0, 25.600000000000016,
