LayerID, Total Cycles (incl. prefetch), Total Cycles, Stall Cycles, Overall Util %, Mapping Efficiency %, Compute Util %,
0, 8639, 7103, 0, 57.665775024637476, 100.0, 44.91228070175436,
1, 4687, 3791, 0, 40.51701398048009, 100.0, 28.95927601809954,
2, 4174, 3023, 0, 25.405226596096593, 100.0, 16.93121693121693,
